algorithm,found,path_cost,execution_time_ms,nodes_explored,path_edges,path_length_km,avg_safety,avg_gender_safety
bfs,True,18.295661420474705,17.128735999904166,15079,51,9.16599994366894,0.6667742196235636,0.7012137746569038
ucs,True,18.180975836219833,172.21708700071758,16352,51,8.769039193515312,0.6681292905295295,0.7050524969108516
greedy,True,21.03737833407216,4.89427299999079,1058,59,8.201256758720225,0.6667399898638573,0.7134948400156896
astar,True,18.180975836219833,211.06034200056456,15907,51,8.769039193515312,0.6681292905295295,0.7050524969108516
